{"mean": [-44.400000000000006, -39.73333333333333, -28.158333333333335, -26.40833333333333, -25.991666666666667, -22.96666666666667, -23.675, -22.325000000000003, -22.150000000000002, -22.208333333333332, -22.84166666666667, -22.824999999999996, -23.025, -18.799999999999997, -18.858333333333334, -22.366666666666664, -25.966666666666665, -22.783333333333335, -23.25, -23.875, -21.65833333333333, -19.858333333333334, -20.2, -21.583333333333336, -22.65, -27.116666666666667, -23.8, -27.008333333333333, -23.383333333333333, -20.508333333333333, -21.575000000000003, -22.53333333333333, -23.03333333333333, -21.166666666666668, -21.474999999999998, -20.516666666666666, -22.3, -26.766666666666666, -24.30833333333333, -22.608333333333334, -23.075, -20.675, -21.666666666666664, -18.616666666666667, -23.175000000000004, -20.90833333333333, -23.21666666666667, -18.025, -21.291666666666664, -23.758333333333333], "upper": [-41.233333333333334, -34.53333333333333, -22.433333333333334, -20.033333333333335, -16.766666666666666, -13.366666666666667, -16.533333333333335, -14.766666666666667, -19.433333333333334, -17.766666666666666, -19.2, -17.633333333333333, -17.033333333333335, -15.0, -17.166666666666668, -16.2, -24.433333333333334, -17.033333333333335, -18.833333333333332, -20.833333333333332, -19.1, -15.033333333333333, -14.5, -16.7, -19.333333333333332, -22.433333333333334, -19.5, -19.9, -19.0, -18.266666666666666, -17.933333333333334, -18.6, -17.1, -16.666666666666668, -16.066666666666666, -17.3, -16.733333333333334, -24.966666666666665, -22.466666666666665, -16.0, -20.833333333333332, -11.9, -16.466666666666665, -16.333333333333332, -18.4, -16.0, -19.133333333333333, -16.466666666666665, -18.533333333333335, -19.166666666666668], "lower": [-45.93333333333333, -45.166666666666664, -35.96666666666667, -36.43333333333333, -34.7, -30.5, -32.7, -32.7, -28.3, -25.366666666666667, -26.366666666666667, -29.1, -26.5, -25.333333333333332, -22.6, -26.4, -27.766666666666666, -33.8, -27.666666666666668, -26.166666666666668, -23.5, -23.233333333333334, -24.8, -26.066666666666666, -27.466666666666665, -33.86666666666667, -28.933333333333334, -35.0, -27.1, -23.7, -25.9, -27.066666666666666, -28.266666666666666, -25.3, -27.233333333333334, -27.8, -32.8, -29.733333333333334, -28.966666666666665, -32.2, -27.033333333333335, -25.9, -24.4, -23.266666666666666, -30.733333333333334, -28.4, -29.933333333333334, -20.2, -26.2, -28.9]}