{"mean": [0.18333333333333335, 0.30000000000000004, 0.5666666666666667, 0.5833333333333333, 0.5916666666666667, 0.6333333333333334, 0.6166666666666667, 0.65, 0.6583333333333333, 0.6666666666666666, 0.6416666666666666, 0.6583333333333333, 0.6833333333333333, 0.7333333333333334, 0.75, 0.6749999999999999, 0.5833333333333333, 0.6666666666666666, 0.6416666666666666, 0.625, 0.7083333333333333, 0.7083333333333333, 0.7083333333333334, 0.6833333333333332, 0.6749999999999999, 0.55, 0.6583333333333333, 0.575, 0.6499999999999999, 0.7083333333333334, 0.7083333333333333, 0.6833333333333333, 0.6416666666666666, 0.7083333333333334, 0.6916666666666665, 0.725, 0.6583333333333333, 0.5916666666666667, 0.6666666666666666, 0.675, 0.65, 0.6916666666666667, 0.7166666666666667, 0.7666666666666666, 0.6583333333333333, 0.7083333333333334, 0.6749999999999999, 0.7583333333333333, 0.7083333333333333, 0.6333333333333333], "upper": [0.3, 0.4, 0.7333333333333333, 0.7333333333333333, 0.8, 0.8333333333333334, 0.8, 0.8, 0.7333333333333333, 0.7666666666666667, 0.7, 0.7666666666666667, 0.8333333333333334, 0.8333333333333334, 0.7666666666666667, 0.8333333333333334, 0.6333333333333333, 0.8, 0.7333333333333333, 0.7, 0.7333333333333333, 0.8, 0.8333333333333334, 0.7666666666666667, 0.7666666666666667, 0.6333333333333333, 0.8, 0.7, 0.7333333333333333, 0.8, 0.7666666666666667, 0.7666666666666667, 0.7666666666666667, 0.7666666666666667, 0.8333333333333334, 0.8333333333333334, 0.7666666666666667, 0.6666666666666666, 0.7666666666666667, 0.8333333333333334, 0.7333333333333333, 0.8666666666666667, 0.8666666666666667, 0.8, 0.7666666666666667, 0.8333333333333334, 0.7666666666666667, 0.8, 0.7666666666666667, 0.7666666666666667], "lower": [0.1, 0.2, 0.36666666666666664, 0.36666666666666664, 0.36666666666666664, 0.4666666666666667, 0.43333333333333335, 0.43333333333333335, 0.5, 0.5666666666666667, 0.6, 0.5333333333333333, 0.5666666666666667, 0.5666666666666667, 0.7, 0.5666666666666667, 0.5333333333333333, 0.4, 0.5666666666666667, 0.5666666666666667, 0.6333333333333333, 0.6333333333333333, 0.6333333333333333, 0.6, 0.5333333333333333, 0.43333333333333335, 0.5333333333333333, 0.4, 0.5666666666666667, 0.6666666666666666, 0.6333333333333333, 0.5666666666666667, 0.5333333333333333, 0.6333333333333333, 0.5666666666666667, 0.6, 0.4666666666666667, 0.5, 0.5666666666666667, 0.5, 0.5666666666666667, 0.6, 0.6, 0.7, 0.5, 0.5, 0.5333333333333333, 0.6666666666666666, 0.6, 0.5]}