{"mean": [-46.675000000000004, -44.6, -44.849999999999994, -46.775000000000006, -42.666666666666664, -48.025000000000006, -47.95833333333333, -49.14166666666667, -48.75833333333333, -48.46666666666667, -48.050000000000004, -48.05, -47.725, -47.725, -48.06666666666667, -48.425000000000004, -48.41666666666667, -49.53333333333333, -48.108333333333334, -48.11666666666667, -46.40833333333333, -46.63333333333334, -45.5, -44.31666666666667, -44.71666666666667, -39.3, -42.791666666666664, -44.61666666666667, -41.825, -43.88333333333333, -44.2, -39.93333333333333, -42.233333333333334, -40.05, -40.45, -41.18333333333334, -42.31666666666666, -39.75, -44.58333333333333, -40.59166666666667, -40.108333333333334, -43.3, -41.516666666666666, -44.766666666666666, -38.925, -43.21666666666667, -37.49166666666667, -42.358333333333334, -42.95, -42.0, -41.19166666666666, -41.24166666666667, -40.74166666666666, -42.7, -41.36666666666666, -41.574999999999996, -43.108333333333334, -41.150000000000006, -42.04166666666667, -43.99166666666667, -44.33333333333333, -44.15833333333334, -40.358333333333334, -40.15833333333333, -41.358333333333334, -42.825, -40.96666666666667, -35.275, -40.2, -46.225, -40.699999999999996, -40.55, -39.43333333333334, -38.516666666666666, -43.5, -38.96666666666667, -40.425, -42.50833333333333, -38.733333333333334, -42.19166666666666, -39.09166666666667, -39.516666666666666, -38.416666666666664, -39.975, -39.858333333333334, -42.641666666666666, -42.99166666666667, -38.28333333333333, -37.608333333333334, -40.25, -42.233333333333334, -41.33333333333333, -42.13333333333333, -42.041666666666664, -41.075, -39.21666666666667, -41.849999999999994, -37.95833333333333, -39.81666666666666, -39.95], "upper": [-43.833333333333336, -39.13333333333333, -43.3, -42.43333333333333, -39.8, -46.833333333333336, -47.1, -48.333333333333336, -46.7, -47.0, -45.36666666666667, -46.9, -46.833333333333336, -43.733333333333334, -46.93333333333333, -46.93333333333333, -48.3, -48.333333333333336, -42.5, -45.666666666666664, -41.13333333333333, -43.86666666666667, -39.56666666666667, -42.93333333333333, -42.56666666666667, -35.63333333333333, -39.63333333333333, -39.63333333333333, -37.766666666666666, -40.5, -41.36666666666667, -38.03333333333333, -36.93333333333333, -36.43333333333333, -35.3, -34.53333333333333, -41.233333333333334, -37.1, -40.13333333333333, -37.03333333333333, -35.46666666666667, -41.3, -36.43333333333333, -42.766666666666666, -36.6, -40.833333333333336, -32.2, -38.733333333333334, -41.06666666666667, -38.36666666666667, -37.7, -38.6, -36.166666666666664, -35.166666666666664, -36.266666666666666, -39.166666666666664, -38.0, -36.5, -39.6, -42.46666666666667, -41.166666666666664, -43.1, -37.1, -37.96666666666667, -39.3, -38.6, -36.46666666666667, -31.933333333333334, -35.53333333333333, -40.96666666666667, -33.8, -36.1, -38.13333333333333, -35.233333333333334, -39.4, -34.9, -37.166666666666664, -40.666666666666664, -33.733333333333334, -40.93333333333333, -30.833333333333332, -35.3, -36.766666666666666, -36.4, -36.233333333333334, -37.06666666666667, -38.233333333333334, -35.166666666666664, -33.46666666666667, -35.06666666666667, -39.46666666666667, -36.53333333333333, -40.9, -37.7, -36.333333333333336, -33.666666666666664, -36.7, -35.233333333333334, -38.0, -37.96666666666667], "lower": [-49.766666666666666, -48.06666666666667, -46.63333333333333, -49.666666666666664, -44.233333333333334, -49.03333333333333, -48.63333333333333, -49.96666666666667, -49.96666666666667, -50.0, -50.0, -48.46666666666667, -49.96666666666667, -50.0, -49.9, -49.96666666666667, -48.5, -49.96666666666667, -50.0, -50.0, -50.0, -48.46666666666667, -49.96666666666667, -45.5, -46.06666666666667, -45.93333333333333, -47.6, -50.0, -47.46666666666667, -47.03333333333333, -45.8, -42.766666666666666, -47.0, -44.233333333333334, -44.166666666666664, -45.46666666666667, -45.53333333333333, -41.3, -50.0, -43.9, -42.63333333333333, -47.03333333333333, -43.96666666666667, -47.0, -42.733333333333334, -48.5, -45.6, -45.46666666666667, -45.53333333333333, -44.166666666666664, -43.93333333333333, -45.5, -42.666666666666664, -46.96666666666667, -46.93333333333333, -45.0, -45.46666666666667, -44.7, -44.2, -45.8, -46.93333333333333, -45.46666666666667, -42.766666666666666, -42.13333333333333, -43.9, -45.36666666666667, -45.36666666666667, -40.166666666666664, -43.86666666666667, -50.0, -45.36666666666667, -44.03333333333333, -41.1, -42.8, -45.43333333333333, -44.06666666666667, -42.7, -46.93333333333333, -42.4, -44.13333333333333, -44.0, -42.4, -40.93333333333333, -45.4, -43.8, -46.93333333333333, -47.2, -43.833333333333336, -41.03333333333333, -44.0, -46.8, -47.166666666666664, -43.9, -43.93333333333333, -45.6, -44.03333333333333, -45.833333333333336, -40.96666666666667, -41.36666666666667, -42.43333333333333]}