{"mean": [0.18333333333333335, 0.26666666666666666, 0.24166666666666664, 0.19166666666666668, 0.2833333333333333, 0.15, 0.125, 0.08333333333333333, 0.06666666666666667, 0.058333333333333334, 0.075, 0.075, 0.09166666666666666, 0.06666666666666667, 0.08333333333333334, 0.06666666666666667, 0.058333333333333334, 0.06666666666666667, 0.058333333333333334, 0.09166666666666667, 0.11666666666666667, 0.10833333333333334, 0.125, 0.14166666666666666, 0.15833333333333333, 0.2916666666666667, 0.20833333333333331, 0.14166666666666666, 0.26666666666666666, 0.23333333333333334, 0.14166666666666666, 0.24166666666666664, 0.20833333333333331, 0.25, 0.21666666666666667, 0.25833333333333336, 0.19166666666666665, 0.25, 0.15000000000000002, 0.22500000000000003, 0.25, 0.16666666666666669, 0.20833333333333331, 0.13333333333333333, 0.2833333333333333, 0.15833333333333333, 0.2833333333333334, 0.19166666666666665, 0.18333333333333335, 0.2416666666666667, 0.25, 0.21666666666666667, 0.23333333333333334, 0.18333333333333332, 0.22499999999999998, 0.2, 0.18333333333333332, 0.20833333333333334, 0.2, 0.19166666666666665, 0.15833333333333333, 0.13333333333333333, 0.24166666666666664, 0.25, 0.21666666666666667, 0.16666666666666666, 0.21666666666666665, 0.3416666666666667, 0.24166666666666664, 0.11666666666666667, 0.22499999999999998, 0.24166666666666664, 0.27499999999999997, 0.2583333333333333, 0.15833333333333333, 0.2833333333333333, 0.21666666666666667, 0.175, 0.25, 0.18333333333333335, 0.275, 0.25, 0.2833333333333333, 0.23333333333333334, 0.24166666666666664, 0.18333333333333332, 0.15833333333333333, 0.26666666666666666, 0.2833333333333333, 0.22499999999999998, 0.1916666666666667, 0.21666666666666667, 0.18333333333333335, 0.175, 0.20833333333333334, 0.24166666666666664, 0.20833333333333331, 0.27499999999999997, 0.275, 0.22499999999999998], "upper": [0.26666666666666666, 0.36666666666666664, 0.3333333333333333, 0.26666666666666666, 0.36666666666666664, 0.16666666666666666, 0.23333333333333334, 0.13333333333333333, 0.1, 0.13333333333333333, 0.16666666666666666, 0.13333333333333333, 0.2, 0.16666666666666666, 0.1, 0.1, 0.1, 0.1, 0.16666666666666666, 0.13333333333333333, 0.3, 0.16666666666666666, 0.26666666666666666, 0.16666666666666666, 0.23333333333333334, 0.4, 0.26666666666666666, 0.23333333333333334, 0.43333333333333335, 0.3333333333333333, 0.2, 0.26666666666666666, 0.3333333333333333, 0.36666666666666664, 0.3333333333333333, 0.36666666666666664, 0.23333333333333334, 0.3, 0.26666666666666666, 0.3, 0.36666666666666664, 0.2, 0.3333333333333333, 0.16666666666666666, 0.3333333333333333, 0.2, 0.4, 0.3, 0.2, 0.3, 0.3333333333333333, 0.3333333333333333, 0.3333333333333333, 0.3333333333333333, 0.3333333333333333, 0.26666666666666666, 0.3, 0.3, 0.26666666666666666, 0.3, 0.26666666666666666, 0.16666666666666666, 0.3, 0.3, 0.26666666666666666, 0.26666666666666666, 0.3333333333333333, 0.4, 0.3333333333333333, 0.26666666666666666, 0.36666666666666664, 0.3333333333333333, 0.3333333333333333, 0.3333333333333333, 0.23333333333333334, 0.43333333333333335, 0.3, 0.23333333333333334, 0.36666666666666664, 0.23333333333333334, 0.43333333333333335, 0.3333333333333333, 0.3333333333333333, 0.3333333333333333, 0.3333333333333333, 0.3333333333333333, 0.26666666666666666, 0.3333333333333333, 0.36666666666666664, 0.3333333333333333, 0.23333333333333334, 0.3333333333333333, 0.2, 0.26666666666666666, 0.3, 0.36666666666666664, 0.3333333333333333, 0.3333333333333333, 0.36666666666666664, 0.26666666666666666], "lower": [0.03333333333333333, 0.16666666666666666, 0.16666666666666666, 0.1, 0.2, 0.13333333333333333, 0.03333333333333333, 0.03333333333333333, 0.03333333333333333, 0.0, 0.0, 0.03333333333333333, 0.03333333333333333, 0.0, 0.06666666666666667, 0.03333333333333333, 0.03333333333333333, 0.03333333333333333, 0.0, 0.0, 0.0, 0.03333333333333333, 0.03333333333333333, 0.1, 0.13333333333333333, 0.13333333333333333, 0.06666666666666667, 0.0, 0.13333333333333333, 0.13333333333333333, 0.1, 0.16666666666666666, 0.1, 0.13333333333333333, 0.13333333333333333, 0.16666666666666666, 0.13333333333333333, 0.23333333333333334, 0.0, 0.13333333333333333, 0.16666666666666666, 0.06666666666666667, 0.13333333333333333, 0.06666666666666667, 0.23333333333333334, 0.06666666666666667, 0.1, 0.13333333333333333, 0.13333333333333333, 0.2, 0.2, 0.1, 0.2, 0.1, 0.06666666666666667, 0.13333333333333333, 0.1, 0.16666666666666666, 0.16666666666666666, 0.13333333333333333, 0.06666666666666667, 0.1, 0.16666666666666666, 0.2, 0.16666666666666666, 0.1, 0.13333333333333333, 0.26666666666666666, 0.13333333333333333, 0.0, 0.13333333333333333, 0.13333333333333333, 0.23333333333333334, 0.16666666666666666, 0.1, 0.16666666666666666, 0.16666666666666666, 0.06666666666666667, 0.16666666666666666, 0.13333333333333333, 0.2, 0.16666666666666666, 0.26666666666666666, 0.1, 0.16666666666666666, 0.06666666666666667, 0.06666666666666667, 0.16666666666666666, 0.2, 0.13333333333333333, 0.1, 0.1, 0.16666666666666666, 0.13333333333333333, 0.1, 0.13333333333333333, 0.1, 0.2, 0.2, 0.16666666666666666]}