{"mean": [-49.983333333333334, -49.925000000000004, -49.95, -49.96666666666667, -49.975, -49.13333333333333, -48.766666666666666, -49.516666666666666, -49.53333333333334, -49.958333333333336, -49.583333333333336, -49.900000000000006, -49.175000000000004, -49.94166666666667, -49.125, -49.474999999999994, -49.108333333333334, -49.55833333333334, -49.550000000000004, -49.90833333333333, -49.516666666666666, -49.9, -49.5, -49.50833333333333, -49.93333333333334, -49.975, -49.125, -49.125, -49.50833333333333, -49.54166666666667, -49.94166666666667, -49.09166666666667, -49.88333333333333, -49.075, -49.975, -49.525, -49.96666666666667, -49.108333333333334, -49.96666666666667, -49.95, -49.95, -48.675, -49.108333333333334, -49.50833333333333, -49.46666666666667, -49.525000000000006, -49.53333333333334, -49.53333333333334, -49.95, -49.94166666666666, -49.90833333333333, -49.56666666666667, -49.94166666666667, -49.49166666666667, -49.858333333333334, -49.95, -49.55833333333333, -49.083333333333336, -49.95, -49.09166666666667, -49.05833333333333, -49.525000000000006, -49.525000000000006, -49.133333333333326, -49.05, -49.50833333333333, -48.675, -49.525000000000006, -49.925000000000004, -49.916666666666664, -49.925000000000004, -49.30833333333334, -49.875, -49.116666666666674, -49.90833333333334, -49.51666666666667, -49.90833333333334, -48.84166666666667, -49.94166666666667, -49.925, -49.90833333333333, -49.925, -49.54166666666667, -49.93333333333334, -49.483333333333334, -49.93333333333334, -49.125, -49.50833333333333, -49.90833333333333, -49.541666666666664, -49.1, -49.54166666666667, -49.94166666666667, -49.93333333333333, -49.93333333333334, -49.46666666666667, -49.983333333333334, -49.516666666666666, -49.93333333333334, -49.925], "upper": [-49.96666666666667, -49.8, -49.9, -49.96666666666667, -49.93333333333333, -48.333333333333336, -46.766666666666666, -48.333333333333336, -48.333333333333336, -49.93333333333333, -48.56666666666667, -49.833333333333336, -48.36666666666667, -49.9, -48.266666666666666, -48.266666666666666, -48.266666666666666, -48.333333333333336, -48.36666666666667, -49.86666666666667, -48.3, -49.833333333333336, -48.36666666666667, -48.3, -49.86666666666667, -49.96666666666667, -46.6, -48.333333333333336, -48.266666666666666, -48.36666666666667, -49.833333333333336, -48.233333333333334, -49.833333333333336, -48.166666666666664, -49.93333333333333, -48.3, -49.93333333333333, -46.63333333333333, -49.93333333333333, -49.93333333333333, -49.9, -46.666666666666664, -48.3, -48.333333333333336, -48.2, -48.3, -48.333333333333336, -48.333333333333336, -49.93333333333333, -49.9, -49.8, -48.333333333333336, -49.93333333333333, -48.333333333333336, -49.8, -49.93333333333333, -48.36666666666667, -48.233333333333334, -49.9, -48.233333333333334, -48.233333333333334, -48.266666666666666, -48.3, -48.266666666666666, -46.666666666666664, -48.266666666666666, -48.233333333333334, -48.36666666666667, -49.86666666666667, -49.9, -49.833333333333336, -48.266666666666666, -49.833333333333336, -48.233333333333334, -49.86666666666667, -48.333333333333336, -49.86666666666667, -48.233333333333334, -49.9, -49.86666666666667, -49.86666666666667, -49.9, -48.36666666666667, -49.833333333333336, -48.3, -49.86666666666667, -46.666666666666664, -48.166666666666664, -49.86666666666667, -48.233333333333334, -46.7, -48.333333333333336, -49.9, -49.9, -49.9, -48.233333333333334, -49.96666666666667, -48.266666666666666, -49.9, -49.86666666666667], "lower": [-50.0, -50.0, -50.0, -49.96666666666667, -50.0, -49.93333333333333, -50.0, -49.93333333333333, -49.96666666666667, -49.96666666666667, -49.96666666666667, -49.96666666666667, -50.0, -49.96666666666667, -49.96666666666667, -49.93333333333333, -49.93333333333333, -49.96666666666667, -49.96666666666667, -49.93333333333333, -50.0, -49.93333333333333, -49.96666666666667, -49.93333333333333, -49.96666666666667, -50.0, -50.0, -49.93333333333333, -50.0, -49.96666666666667, -50.0, -49.93333333333333, -49.93333333333333, -49.93333333333333, -50.0, -50.0, -50.0, -50.0, -50.0, -49.96666666666667, -50.0, -49.93333333333333, -49.96666666666667, -49.93333333333333, -49.93333333333333, -50.0, -50.0, -49.96666666666667, -50.0, -50.0, -49.96666666666667, -50.0, -49.96666666666667, -49.9, -49.93333333333333, -50.0, -49.96666666666667, -49.96666666666667, -50.0, -49.93333333333333, -49.86666666666667, -49.96666666666667, -49.96666666666667, -50.0, -49.9, -49.96666666666667, -49.9, -49.96666666666667, -49.96666666666667, -49.93333333333333, -50.0, -50.0, -49.9, -50.0, -50.0, -49.96666666666667, -49.96666666666667, -49.93333333333333, -49.96666666666667, -49.96666666666667, -49.93333333333333, -50.0, -49.96666666666667, -49.96666666666667, -49.9, -49.96666666666667, -49.96666666666667, -49.96666666666667, -49.96666666666667, -50.0, -49.93333333333333, -49.96666666666667, -50.0, -49.96666666666667, -49.96666666666667, -49.9, -50.0, -49.93333333333333, -50.0, -49.96666666666667]}