{"mean": [0.016666666666666666, 0.06666666666666667, 0.05, 0.03333333333333333, 0.025, 0.07500000000000001, 0.041666666666666664, 0.06666666666666667, 0.06666666666666667, 0.04166666666666667, 0.09999999999999999, 0.1, 0.025, 0.058333333333333334, 0.058333333333333334, 0.11666666666666667, 0.08333333333333334, 0.05, 0.05, 0.09166666666666667, 0.08333333333333334, 0.1, 0.1, 0.08333333333333334, 0.06666666666666667, 0.025, 0.075, 0.075, 0.08333333333333333, 0.058333333333333334, 0.04166666666666667, 0.09999999999999999, 0.10833333333333334, 0.11666666666666667, 0.025, 0.06666666666666667, 0.03333333333333333, 0.08333333333333333, 0.03333333333333333, 0.05, 0.05, 0.11666666666666667, 0.09166666666666667, 0.09166666666666667, 0.125, 0.07500000000000001, 0.06666666666666668, 0.07500000000000001, 0.05, 0.058333333333333334, 0.08333333333333333, 0.03333333333333333, 0.058333333333333334, 0.10833333333333334, 0.125, 0.04166666666666667, 0.041666666666666664, 0.09166666666666667, 0.05, 0.10833333333333334, 0.125, 0.06666666666666668, 0.06666666666666667, 0.06666666666666667, 0.14166666666666666, 0.08333333333333333, 0.125, 0.075, 0.075, 0.08333333333333334, 0.075, 0.11666666666666667, 0.11666666666666667, 0.075, 0.08333333333333334, 0.075, 0.09166666666666667, 0.09166666666666667, 0.05, 0.075, 0.09166666666666667, 0.07500000000000001, 0.058333333333333334, 0.06666666666666667, 0.10833333333333334, 0.06666666666666667, 0.075, 0.08333333333333333, 0.09166666666666667, 0.049999999999999996, 0.09166666666666667, 0.058333333333333334, 0.058333333333333334, 0.06666666666666667, 0.06666666666666667, 0.13333333333333333, 0.016666666666666666, 0.08333333333333333, 0.06666666666666667, 0.075], "upper": [0.03333333333333333, 0.16666666666666666, 0.1, 0.03333333333333333, 0.06666666666666667, 0.1, 0.06666666666666667, 0.1, 0.13333333333333333, 0.06666666666666667, 0.16666666666666666, 0.16666666666666666, 0.03333333333333333, 0.1, 0.1, 0.23333333333333334, 0.13333333333333333, 0.1, 0.06666666666666667, 0.13333333333333333, 0.2, 0.16666666666666666, 0.23333333333333334, 0.1, 0.13333333333333333, 0.03333333333333333, 0.2, 0.13333333333333333, 0.16666666666666666, 0.1, 0.1, 0.16666666666666666, 0.16666666666666666, 0.2, 0.06666666666666667, 0.13333333333333333, 0.06666666666666667, 0.13333333333333333, 0.06666666666666667, 0.06666666666666667, 0.1, 0.16666666666666666, 0.13333333333333333, 0.13333333333333333, 0.16666666666666666, 0.13333333333333333, 0.1, 0.1, 0.06666666666666667, 0.1, 0.16666666666666666, 0.06666666666666667, 0.06666666666666667, 0.16666666666666666, 0.16666666666666666, 0.06666666666666667, 0.06666666666666667, 0.16666666666666666, 0.1, 0.16666666666666666, 0.16666666666666666, 0.1, 0.13333333333333333, 0.13333333333333333, 0.2, 0.13333333333333333, 0.16666666666666666, 0.16666666666666666, 0.13333333333333333, 0.1, 0.16666666666666666, 0.26666666666666666, 0.16666666666666666, 0.13333333333333333, 0.13333333333333333, 0.13333333333333333, 0.13333333333333333, 0.13333333333333333, 0.1, 0.13333333333333333, 0.13333333333333333, 0.1, 0.13333333333333333, 0.16666666666666666, 0.13333333333333333, 0.13333333333333333, 0.13333333333333333, 0.2, 0.13333333333333333, 0.13333333333333333, 0.13333333333333333, 0.1, 0.1, 0.1, 0.1, 0.16666666666666666, 0.03333333333333333, 0.13333333333333333, 0.1, 0.13333333333333333], "lower": [0.0, 0.0, 0.0, 0.03333333333333333, 0.0, 0.03333333333333333, 0.0, 0.03333333333333333, 0.03333333333333333, 0.03333333333333333, 0.03333333333333333, 0.03333333333333333, 0.0, 0.03333333333333333, 0.03333333333333333, 0.06666666666666667, 0.03333333333333333, 0.03333333333333333, 0.03333333333333333, 0.06666666666666667, 0.0, 0.06666666666666667, 0.03333333333333333, 0.06666666666666667, 0.03333333333333333, 0.0, 0.0, 0.03333333333333333, 0.0, 0.03333333333333333, 0.0, 0.06666666666666667, 0.06666666666666667, 0.06666666666666667, 0.0, 0.0, 0.0, 0.0, 0.0, 0.03333333333333333, 0.0, 0.06666666666666667, 0.03333333333333333, 0.06666666666666667, 0.06666666666666667, 0.0, 0.0, 0.03333333333333333, 0.0, 0.0, 0.03333333333333333, 0.0, 0.03333333333333333, 0.06666666666666667, 0.06666666666666667, 0.0, 0.03333333333333333, 0.03333333333333333, 0.0, 0.06666666666666667, 0.06666666666666667, 0.03333333333333333, 0.03333333333333333, 0.0, 0.1, 0.03333333333333333, 0.1, 0.03333333333333333, 0.03333333333333333, 0.06666666666666667, 0.0, 0.0, 0.06666666666666667, 0.0, 0.0, 0.03333333333333333, 0.03333333333333333, 0.06666666666666667, 0.03333333333333333, 0.03333333333333333, 0.06666666666666667, 0.0, 0.03333333333333333, 0.03333333333333333, 0.06666666666666667, 0.03333333333333333, 0.03333333333333333, 0.03333333333333333, 0.03333333333333333, 0.0, 0.06666666666666667, 0.03333333333333333, 0.0, 0.03333333333333333, 0.03333333333333333, 0.1, 0.0, 0.06666666666666667, 0.0, 0.03333333333333333]}