{"mean": [-36.05833333333334, -33.16666666666667, -31.141666666666666, -27.0, -22.28333333333333, -22.125, -21.208333333333332, -19.95, -17.866666666666667, -18.683333333333334, -19.016666666666666, -16.916666666666664, -16.183333333333334, -16.858333333333334, -17.008333333333333, -16.1, -17.325000000000003, -12.691666666666666, -16.458333333333332, -15.908333333333333, -15.016666666666667, -13.566666666666666, -14.141666666666666, -12.933333333333334, -14.566666666666666, -12.875, -14.991666666666667, -15.758333333333333, -13.600000000000001, -15.266666666666666, -13.308333333333334, -15.758333333333333, -13.433333333333334, -10.966666666666667, -13.216666666666667, -13.325, -14.066666666666666, -12.316666666666666, -14.424999999999999, -12.166666666666666, -15.433333333333334, -12.541666666666668, -11.183333333333334, -11.908333333333331, -13.683333333333332, -12.975, -12.841666666666667, -12.016666666666667, -12.516666666666666, -12.850000000000001], "upper": [-31.966666666666665, -31.133333333333333, -26.866666666666667, -21.766666666666666, -15.733333333333333, -18.133333333333333, -19.633333333333333, -17.8, -12.7, -11.0, -15.8, -14.366666666666667, -14.2, -14.0, -13.4, -14.666666666666666, -11.9, -11.533333333333333, -13.333333333333334, -13.733333333333333, -10.166666666666666, -11.833333333333334, -10.566666666666666, -11.9, -10.033333333333333, -10.533333333333333, -11.666666666666666, -9.866666666666667, -9.366666666666667, -9.166666666666666, -11.4, -11.9, -8.933333333333334, -9.233333333333333, -10.666666666666666, -11.4, -12.066666666666666, -9.666666666666666, -13.566666666666666, -8.933333333333334, -13.466666666666667, -11.2, -9.333333333333334, -7.566666666666666, -10.566666666666666, -11.1, -10.633333333333333, -11.133333333333333, -10.5, -8.866666666666667], "lower": [-40.96666666666667, -36.266666666666666, -39.03333333333333, -32.63333333333333, -25.233333333333334, -26.633333333333333, -24.6, -22.033333333333335, -19.766666666666666, -25.5, -20.766666666666666, -20.266666666666666, -18.166666666666668, -20.033333333333335, -22.566666666666666, -18.066666666666666, -21.1, -14.133333333333333, -18.333333333333332, -17.433333333333334, -18.466666666666665, -15.633333333333333, -17.2, -14.3, -16.633333333333333, -15.6, -20.766666666666666, -18.9, -17.666666666666668, -18.5, -15.933333333333334, -18.733333333333334, -17.133333333333333, -13.4, -15.366666666666667, -15.3, -15.566666666666666, -14.633333333333333, -15.166666666666666, -14.433333333333334, -20.133333333333333, -14.966666666666667, -14.0, -15.033333333333333, -18.733333333333334, -15.4, -16.7, -13.266666666666667, -15.3, -17.233333333333334]}