{"mean": [0.4916666666666667, 0.5916666666666666, 0.6583333333333333, 0.7583333333333333, 0.7583333333333333, 0.775, 0.8333333333333334, 0.875, 0.8333333333333335, 0.8166666666666667, 0.825, 0.8416666666666667, 0.8416666666666667, 0.875, 0.8666666666666667, 0.8416666666666668, 0.8416666666666668, 0.9, 0.8333333333333334, 0.8750000000000001, 0.8833333333333334, 0.8583333333333334, 0.875, 0.9166666666666666, 0.9083333333333333, 0.8916666666666667, 0.875, 0.825, 0.8833333333333333, 0.8666666666666666, 0.8833333333333334, 0.825, 0.875, 0.925, 0.9166666666666667, 0.8833333333333334, 0.8833333333333333, 0.8916666666666667, 0.875, 0.8916666666666666, 0.8083333333333333, 0.8666666666666666, 0.9, 0.9, 0.8833333333333333, 0.8916666666666666, 0.8833333333333333, 0.8916666666666666, 0.9, 0.875], "upper": [0.5666666666666667, 0.6666666666666666, 0.7666666666666667, 0.9, 0.9, 0.9, 0.8666666666666667, 0.9666666666666667, 0.9, 0.9333333333333333, 0.9, 0.9, 0.8666666666666667, 1.0, 0.9333333333333333, 0.8666666666666667, 0.9333333333333333, 0.9333333333333333, 0.8666666666666667, 0.9333333333333333, 1.0, 0.9, 0.9333333333333333, 0.9666666666666667, 1.0, 0.9333333333333333, 0.9333333333333333, 0.9666666666666667, 0.9333333333333333, 0.9333333333333333, 0.9666666666666667, 0.9, 0.9333333333333333, 0.9666666666666667, 0.9666666666666667, 0.9333333333333333, 0.9333333333333333, 0.9333333333333333, 0.9, 0.9333333333333333, 0.8666666666666667, 0.9, 0.9333333333333333, 0.9666666666666667, 0.9666666666666667, 0.9, 0.9333333333333333, 0.9333333333333333, 0.9333333333333333, 0.9333333333333333], "lower": [0.36666666666666664, 0.5333333333333333, 0.5333333333333333, 0.6666666666666666, 0.6333333333333333, 0.6666666666666666, 0.8, 0.7666666666666667, 0.8, 0.6666666666666666, 0.7666666666666667, 0.7333333333333333, 0.8, 0.7666666666666667, 0.7333333333333333, 0.8333333333333334, 0.7666666666666667, 0.8666666666666667, 0.8, 0.8, 0.8333333333333334, 0.8333333333333334, 0.8, 0.8666666666666667, 0.8666666666666667, 0.8333333333333334, 0.7333333333333333, 0.7333333333333333, 0.8, 0.8, 0.8, 0.7666666666666667, 0.8333333333333334, 0.9, 0.9, 0.8, 0.8, 0.8333333333333334, 0.8333333333333334, 0.8333333333333334, 0.7, 0.8, 0.8333333333333334, 0.8666666666666667, 0.8, 0.8666666666666667, 0.8333333333333334, 0.8333333333333334, 0.8666666666666667, 0.8]}